{
  "fit_fH": {
    "slope": -0.23161112473741857,
    "se_slope": 0.009644269819255109,
    "intercept": 3.0192519477902127,
    "r2": 0.9664845701441285,
    "n": 22,
    "boot": {
      "slope_mean": -0.23349984672137972,
      "slope_ci": [
        -0.2594431252330524,
        -0.2132468471643431
      ],
      "intercept_mean": 3.0251533554123675,
      "intercept_ci": [
        2.936577082023103,
        3.1264747843218594
      ],
      "n_replicates": 5000
    }
  },
  "fit_Lmax": {
    "slope": 0.17901976703655878,
    "se_slope": 0.03869133279319104,
    "intercept": 0.6656579438521967,
    "r2": 0.5170006826048357,
    "n": 22,
    "boot": {
      "slope_mean": 0.18043090140078824,
      "slope_ci": [
        0.09511984773766216,
        0.26625447759877274
      ],
      "intercept_mean": 0.6594873467238755,
      "intercept_ci": [
        0.2806272530360077,
        1.0574929231479777
      ],
      "n_replicates": 5000
    }
  },
  "fit_H": {
    "slope": -0.05259135770085981,
    "se_slope": 0.03355141734918217,
    "intercept": 9.405862608343993,
    "r2": 0.10940951168805058,
    "n": 22,
    "boot": {
      "slope_mean": -0.053068945320591435,
      "slope_ci": [
        -0.13545593533375855,
        0.017025588889988556
      ],
      "intercept_mean": 9.405593418837828,
      "intercept_ci": [
        9.088663940131038,
        9.772372653036884
      ],
      "n_replicates": 5000
    }
  },
  "consistency": {
    "slope_H_observed": -0.05259135770085981,
    "slope_fH_plus_Lmax": -0.05259135770085979,
    "difference": -2.0816681711721685e-17
  },
  "cluster_boot_H": {
    "slope_mean": -0.05648909330212007,
    "slope_ci": [
      -0.15430183609421944,
      0.00925608799604444
    ],
    "n_replicates": 5000
  },
  "fit_H_small": {
    "slope": -0.13203061149688994,
    "se_slope": 0.1499781539422249,
    "intercept": 9.548636983893525,
    "r2": 0.0996767124906538,
    "n": 9,
    "species_included": [
      "Mus musculus",
      "Rattus norvegicus",
      "Mesocricetus auratus",
      "Cavia porcellus",
      "Heterocephalus glaber",
      "Myotis lucifugus",
      "Erinaceus europaeus",
      "Sciurus carolinensis",
      "Suncus etruscus"
    ]
  },
  "fit_H_large": {
    "slope": -0.036639031743832894,
    "se_slope": 0.04900332733749948,
    "intercept": 9.333334514641097,
    "r2": 0.04836323718046642,
    "n": 13,
    "species_included": [
      "Oryctolagus cuniculus",
      "Felis catus",
      "Canis familiaris",
      "Mustela putorius furo",
      "Ovis aries",
      "Sus scrofa domesticus",
      "Bos taurus",
      "Equus caballus",
      "Loxodonta africana",
      "Balaenoptera physalus",
      "Homo sapiens",
      "Pan troglodytes",
      "Macaca mulatta"
    ]
  },
  "central_H": {
    "median_H": 1381170960.0,
    "median_H_ci": [
      1136073600.0,
      1952626500.0
    ],
    "geomean_H": 1636587885.69602,
    "log10_H_mean": 9.213939332129799,
    "log10_H_sd": 0.30202219702183253,
    "log10_H_range": [
      8.76234540185981,
      10.071975569285708
    ]
  },
  "per_species": [
    {
      "species": "Mus musculus",
      "common": "house mouse",
      "order": "Rodentia",
      "mass_g": 25.0,
      "hr_bpm": 580.0,
      "Lmax_yr": 4.0,
      "H": 1220227200.0,
      "log10_H": 9.086440701592483,
      "log10_H_predicted_under_zero_slope": 9.213939332129799,
      "log10_H_predicted_under_H_fit": 9.33234304530358,
      "residual_under_H_fit": -0.2459023437110961
    },
    {
      "species": "Rattus norvegicus",
      "common": "brown rat",
      "order": "Rodentia",
      "mass_g": 250.0,
      "hr_bpm": 330.0,
      "Lmax_yr": 3.8,
      "H": 659553840.0,
      "log10_H": 8.819250253196282,
      "log10_H_predicted_under_zero_slope": 9.213939332129799,
      "log10_H_predicted_under_H_fit": 9.279751687602719,
      "residual_under_H_fit": -0.46050143440643687
    },
    {
      "species": "Mesocricetus auratus",
      "common": "golden hamster",
      "order": "Rodentia",
      "mass_g": 120.0,
      "hr_bpm": 450.0,
      "Lmax_yr": 3.9,
      "H": 923059800.0,
      "log10_H": 8.965229837503427,
      "log10_H_predicted_under_zero_slope": 9.213939332129799,
      "log10_H_predicted_under_H_fit": 9.296515643708183,
      "residual_under_H_fit": -0.3312858062047557
    },
    {
      "species": "Cavia porcellus",
      "common": "guinea pig",
      "order": "Rodentia",
      "mass_g": 700.0,
      "hr_bpm": 280.0,
      "Lmax_yr": 12.0,
      "H": 1767225600.0,
      "log10_H": 9.247291994091428,
      "log10_H_predicted_under_zero_slope": 9.213939332129799,
      "log10_H_predicted_under_H_fit": 9.256235039627589,
      "residual_under_H_fit": -0.008943045536160099
    },
    {
      "species": "Oryctolagus cuniculus",
      "common": "domestic rabbit",
      "order": "Lagomorpha",
      "mass_g": 2300.0,
      "hr_bpm": 205.0,
      "Lmax_yr": 9.0,
      "H": 970396200.0,
      "log10_H": 8.986949087196663,
      "log10_H_predicted_under_zero_slope": 9.213939332129799,
      "log10_H_predicted_under_H_fit": 9.229064777227054,
      "residual_under_H_fit": -0.24211569003039024
    },
    {
      "species": "Felis catus",
      "common": "domestic cat",
      "order": "Carnivora",
      "mass_g": 4000.0,
      "hr_bpm": 150.0,
      "Lmax_yr": 30.0,
      "H": 2366820000.0,
      "log10_H": 9.374165230476928,
      "log10_H_predicted_under_zero_slope": 9.213939332129799,
      "log10_H_predicted_under_H_fit": 9.216425382880107,
      "residual_under_H_fit": 0.15773984759682058
    },
    {
      "species": "Canis familiaris",
      "common": "domestic dog",
      "order": "Carnivora",
      "mass_g": 18000.0,
      "hr_bpm": 90.0,
      "Lmax_yr": 24.0,
      "H": 1136073600.0,
      "log10_H": 9.055406467852515,
      "log10_H_predicted_under_zero_slope": 9.213939332129799,
      "log10_H_predicted_under_H_fit": 9.18207204991347,
      "residual_under_H_fit": -0.12666558206095502
    },
    {
      "species": "Mustela putorius furo",
      "common": "ferret",
      "order": "Carnivora",
      "mass_g": 1100.0,
      "hr_bpm": 250.0,
      "Lmax_yr": 11.0,
      "H": 1446390000.0,
      "log10_H": 9.160285410531847,
      "log10_H_predicted_under_zero_slope": 9.213939332129799,
      "log10_H_predicted_under_H_fit": 9.245911637730059,
      "residual_under_H_fit": -0.08562622719821178
    },
    {
      "species": "Ovis aries",
      "common": "sheep",
      "order": "Artiodactyla",
      "mass_g": 50000.0,
      "hr_bpm": 75.0,
      "Lmax_yr": 22.8,
      "H": 899391600.0,
      "log10_H": 8.953948827093738,
      "log10_H_predicted_under_zero_slope": 9.213939332129799,
      "log10_H_predicted_under_H_fit": 9.158737396020346,
      "residual_under_H_fit": -0.2047885689266078
    },
    {
      "species": "Sus scrofa domesticus",
      "common": "pig",
      "order": "Artiodactyla",
      "mass_g": 100000.0,
      "hr_bpm": 70.0,
      "Lmax_yr": 27.0,
      "H": 994064400.0,
      "log10_H": 8.997414520874829,
      "log10_H_predicted_under_zero_slope": 9.213939332129799,
      "log10_H_predicted_under_H_fit": 9.142905819839694,
      "residual_under_H_fit": -0.14549129896486512
    },
    {
      "species": "Bos taurus",
      "common": "cow",
      "order": "Artiodactyla",
      "mass_g": 600000.0,
      "hr_bpm": 50.0,
      "Lmax_yr": 22.0,
      "H": 578556000.0,
      "log10_H": 8.76234540185981,
      "log10_H_predicted_under_zero_slope": 9.213939332129799,
      "log10_H_predicted_under_H_fit": 9.101981789085396,
      "residual_under_H_fit": -0.3396363872255872
    },
    {
      "species": "Equus caballus",
      "common": "horse",
      "order": "Perissodactyla",
      "mass_g": 500000.0,
      "hr_bpm": 44.0,
      "Lmax_yr": 57.0,
      "H": 1319107680.0,
      "log10_H": 9.120280248860263,
      "log10_H_predicted_under_zero_slope": 9.213939332129799,
      "log10_H_predicted_under_H_fit": 9.106146038319487,